{"mp-27628": 1.60729, "mp-31010": 0.742915, "mp-7060": 2.05494, "mp-569522": 0.968675, "mp-6625": 2.45241, "mp-568598": 1.36549, "mp-556775": 3.67057, "mp-569548": 1.59302, "mp-640614": 1.78447, "mp-27294": 2.38681, "mp-29110": 0.705602, "mp-22925": 2.74108, "mp-31235": 0.841595, "mp-4841": 2.03775, "mp-9996": 1.90206, "mp-20938": 2.17517, "mp-13276": 1.73803, "mp-7944": 0.741571, "mp-10009": 1.46018, "mp-556528": 2.18382, "mp-29576": 1.71984, "mp-20740": 0.809511, "mp-567809": 2.74072, "mp-867359": 2.15292, "mp-5970": 1.90224, "mp-20725": 1.30355, "mp-27753": 2.11874, "mp-4756": 0.928879, "mp-541689": 2.12352, "mp-542625": 0.773799, "mp-27300": 1.57898, "mp-2371": 1.39973, "mp-628768": 1.72472, "mp-978852": 0.911526, "mp-30908": 1.44781, "mp-22583": 2.44535, "mp-20694": 2.2194, "mp-361": 1.74538, "mp-2201": 0.958208, "mp-7475": 1.78723, "mp-15777": 1.65529, "mp-5518": 1.81453, "mp-17908": 2.52498, "mp-568469": 2.0633, "mp-16234": 1.48091, "mp-570152": 0.969154, "mp-8911": 1.43938, "mp-14304": 2.9602, "mp-11824": 1.55158, "mp-569766": 1.32839, "mp-8017": 1.93436, "mp-2402": 1.50065, "mp-545788": 1.01846, "mp-15803": 2.09053, "mp-568950": 3.17384, "mp-7891": 1.4891, "mp-28670": 2.67744, "mp-22304": 2.1741, "mp-5725": 1.61733, "mp-17791": 2.40689, "mp-557728": 1.85188, "mp-28763": 0.512433, "mp-8234": 1.0786, "mp-15556": 0.813046, "mp-181": 0.379834, "mp-560411": 2.15881, "mp-20782": 1.95731, "mp-23020": 1.34394, "mp-568379": 2.11716, "mp-7752": 1.00117, "mp-28070": 2.02765, "mp-19765": 1.38263, "mp-29163": 1.78788, "mp-541811": 0.934063, "mp-23318": 2.00807, "mp-29194": 1.8401, "mp-556468": 3.72111, "mp-571102": 2.33678, "mp-1190": 3.01026, "mp-22996": 1.7757, "mp-8249": 2.14594, "mp-570256": 1.81844, "mp-557574": 1.53721, "mp-29657": 1.04119, "mp-7792": 2.27739, "mp-510346": 1.39662, "mp-22984": 2.32426, "mp-524": 1.35929, "mp-28371": 3.13715, "mp-29208": 0.766745, "mp-10281": 3.72074, "mp-4763": 2.13773, "mp-29209": 0.696233, "mp-27563": 2.87783, "mp-23706": 1.17983, "mp-570411": 2.43936, "mp-9719": 2.18975, "mp-16945": 2.69065, "mp-3668": 1.79286, "mp-10167": 2.34049, "mp-30456": 0.770913, "mp-8262": 1.2125, "mp-555736": 2.85055, "mp-7863": 2.29146, "mp-12492": 2.17029, "mp-15252": 1.12381, "mp-22969": 2.39529, "mp-29237": 1.31497, "mp-8267": 2.19435, "mp-27904": 0.938437, "mp-557179": 1.40519, "mp-11692": 1.15734, "mp-16988": 1.57004, "mp-5929": 1.49561, "mp-570961": 1.59729, "mp-28296": 0.541896, "mp-17885": 1.07445, "mp-24338": 1.42504, "mp-557151": 3.72137, "mp-569427": 1.95639, "mp-4809": 2.63584, "mp-17667": 1.00631, "mp-541570": 1.12135, "mp-570377": 1.05752, "mp-559521": 2.02968, "mp-616218": 2.25913, "mp-567841": 1.73944, "mp-29267": 1.33569, "mp-2441": 1.42165, "mp-31135": 1.37268, "mp-27227": 1.75204, "mp-2071": 1.55654, "mp-927": 1.42825, "mp-157": 1.30708, "mp-9919": 1.14822, "mp-2469": 2.87328, "mp-680463": 0.547412, "mp-2691": 2.41456, "mp-27938": 2.26443, "mp-4160": 1.7237, "mp-1863": 1.91776, "mp-17872": 1.373, "mp-555129": 1.96624, "mp-27375": 1.86944, "mp-27801": 2.08817, "mp-22858": 2.23971, "mp-8543": 1.5562, "mp-541201": 1.68799, "mp-567596": 0.978554, "mp-10969": 2.91806, "mp-17012": 2.11286, "mp-8883": 1.4447, "mp-30943": 2.43314, "mp-29342": 2.57934, "mp-642227": 1.73762, "mp-2136": 3.04662, "mp-1175": 1.73934, "mp-567666": 0.917794, "mp-570930": 0.990312, "mp-31086": 1.7517, "mp-13275": 1.90679, "mp-624191": 1.08498, "mp-541062": 1.0989, "mp-27887": 1.18099, "mp-28717": 1.01513, "mp-19833": 1.9322, "mp-2517": 0.799894, "mp-28324": 1.38322, "mp-568522": 2.28162, "mp-568730": 0.749272, "mp-15572": 1.65439, "mp-20902": 1.4835, "mp-15511": 2.88303, "mp-863730": 0.214883, "mp-23484": 1.93582, "mp-27552": 2.08707, "mp-22735": 0.535318, "mp-567629": 2.45959, "mp-9946": 3.71929, "mp-9897": 0.837165, "mp-616255": 1.23194, "mp-4524": 1.87058, "mp-1317": 0.83657, "mp-641924": 1.29662, "mp-5563": 1.44075, "mp-570339": 2.41215, "mp-304": 0.805939, "mp-569168": 1.06166, "mp-27688": 2.15042, "mp-31406": 0.951479, "mp-7639": 1.41696, "mp-30828": 0.436602, "mp-17193": 0.989944, "mp-5048": 2.00846, "mp-568020": 1.22677, "mp-29034": 0.751026, "mp-540923": 1.13422, "mp-18500": 0.596612, "mp-9843": 1.88946, "mp-5746": 3.36681, "mp-5402": 1.78947, "mp-680436": 1.14192, "mp-18439": 0.732455, "mp-15661": 1.14943, "mp-1392": 1.69861, "mp-17322": 1.56981, "mp-570948": 3.024, "mp-543011": 3.7214, "mp-830": 3.45444, "mp-21246": 0.308535, "mp-561299": 2.05882, "mp-13542": 0.928302, "mp-17060": 2.96845, "mp-605": 0.685198, "mp-15642": 0.462422, "mp-23431": 2.95683, "mp-581696": 2.07751, "mp-16264": 1.20873, "mp-542461": 1.88171, "mp-643253": 2.08689, "mp-28394": 1.70628, "mp-17862": 1.25739, "mp-20554": 1.55976, "mp-2231": 1.55129, "mp-7581": 1.74162, "mp-10615": 1.21354, "mp-542826": 1.49466, "mp-3486": 0.79461, "mp-569346": 2.7163, "mp-20351": 1.76659, "mp-4721": 1.61278, "mp-557619": 1.00791, "mp-28823": 1.17578, "mp-505607": 1.63238, "mp-12181": 2.06454, "mp-20187": 2.43742, "mp-5350": 3.2596, "mp-570553": 1.26406, "mp-650513": 0.988372, "mp-571582": 1.77616, "mp-561196": 3.71436, "mp-8579": 2.22045, "mp-10985": 1.75168, "mp-28606": 1.27607, "mp-554405": 3.73786, "mp-7502": 2.34204, "mp-9774": 1.16037, "mp-8360": 1.1752, "mp-541032": 0.888786, "mp-505138": 1.54711, "mp-578752": 1.20749, "mp-10963": 1.25703, "mp-4899": 1.42821, "mp-28921": 1.15977, "mp-27899": 3.00256, "mp-543028": 2.54456, "mp-571404": 2.0992, "mp-10074": 2.00115, "mp-867194": 1.72139, "mp-569707": 1.52284, "mp-8300": 1.23541, "mp-28253": 2.63298, "mp-573891": 1.30192, "mp-7547": 0.794735, "mp-28558": 2.93419, "mp-29739": 0.736571, "mp-18112": 1.77649, "mp-505815": 1.7262, "mp-570873": 1.4795, "mp-554076": 2.77023, "mp-7378": 1.26972, "mp-571085": 1.7687, "mp-602": 1.34007, "mp-1933": 1.49246, "mp-1070": 2.52887, "mp-1346": 3.67158, "mp-557672": 2.13243, "mp-5213": 1.66914, "mp-5756": 0.953573, "mp-10695": 3.70838, "mp-18660": 1.08034, "mp-29898": 1.78728, "mp-11168": 0.629659, "mp-557832": 2.55745, "mp-12954": 2.67581, "mp-19932": 1.04983, "mp-28242": 2.42686, "mp-5142": 1.28076, "mp-30949": 1.04106, "mp-567776": 1.83062, "mp-7781": 1.84755, "mp-4586": 2.76423, "mp-549589": 1.84896, "mp-8594": 1.56182, "mp-14500": 0.96424, "mp-28505": 2.05613, "mp-4175": 1.77061, "mp-28931": 2.91259, "mp-938": 0.957149, "mp-5094": 1.2176, "mp-29282": 2.50594, "mp-561076": 2.07526, "mp-14091": 2.58869, "mp-20790": 2.82985, "mp-12779": 2.25835, "mp-24412": 3.03209, "mp-556407": 2.39536, "mp-568591": 0.69864, "mp-971837": 2.32365, "mp-560923": 2.72919, "mp-4730": 2.04936, "mp-3019": 0.75636, "mp-570370": 1.80545, "mp-10952": 1.45031, "mp-28597": 1.92264, "mp-18609": 1.27932, "mp-14790": 0.82675, "mp-18347": 2.34322, "mp-8298": 1.84369, "mp-10063": 0.906144, "mp-5238": 2.10809, "mp-1477": 1.09421, "mp-571279": 0.805716, "mp-573755": 2.05666, "mp-10191": 2.49048, "mp-565590": 1.36771, "mp-1016200": 1.48183, "mp-7440": 1.42054, "mp-557540": 2.01547, "mp-540696": 1.37739, "mp-7067": 1.59348, "mp-17947": 1.87991, "mp-2961": 2.12189, "mp-866660": 1.85716, "mp-29519": 0.892211, "mp-5414": 1.60265, "mp-14769": 1.66414, "mp-2534": 1.44979, "mp-568557": 2.85936, "mp-29096": 2.66565, "mp-556798": 2.71168, "mp-7223": 1.45708, "mp-8279": 1.5833, "mp-542623": 1.55376, "mp-12277": 1.47111, "mp-27948": 0.835808, "mp-6287": 1.34468, "mp-721650": 1.99958, "mp-12027": 0.716525, "mp-8881": 2.05587, "mp-27708": 0.858365, "mp-867334": 2.73575, "mp-20652": 2.75406, "mp-561472": 3.12277, "mp-7910": 1.65382, "mp-676250": 0.714516, "mp-18619": 2.09543, "mp-29396": 1.67204, "mp-14435": 2.19124, "mp-3481": 0.983992, "mp-569450": 2.92416, "mp-29947": 1.41262, "mp-23488": 1.18906, "mp-1019322": 1.27365, "mp-10097": 1.27123, "mp-541509": 0.787887, "mp-29372": 1.17067, "mp-542522": 1.43993, "mp-607818": 0.906179, "mp-555874": 1.69761, "mp-17817": 1.33965, "mp-555814": 1.81739, "mp-14307": 2.17198, "mp-616026": 1.4242, "mp-10163": 1.99829, "mp-617281": 0.742254, "mp-2072": 1.17834, "mp-4008": 1.35793, "mp-15685": 1.31943,