{"mp-27628": 28.7058, "mp-31010": 9.12228, "mp-7060": 5.33909, "mp-569522": 24.7292, "mp-6625": 10.9033, "mp-568598": 26.8002, "mp-556775": 0.510119, "mp-569548": 30.1764, "mp-640614": 17.3801, "mp-27294": 14.0112, "mp-29110": 22.3247, "mp-22925": 6.72839, "mp-31235": 23.612, "mp-4841": 19.2364, "mp-9996": 18.9602, "mp-20938": 12.0329, "mp-13276": 23.7358, "mp-7944": 11.8682, "mp-10009": 20.0524, "mp-556528": 16.3864, "mp-29576": 23.1851, "mp-20740": 0.0, "mp-567809": 6.36869, "mp-867359": 13.3934, "mp-5970": 20.4393, "mp-20725": 30.3792, "mp-27753": 12.6166, "mp-4756": 2.02747, "mp-541689": 15.92, "mp-542625": 14.8105, "mp-27300": 27.0221, "mp-2371": 28.4226, "mp-628768": 24.8329, "mp-978852": 26.846, "mp-30908": 20.5675, "mp-22583": 12.1923, "mp-20694": 14.9694, "mp-361": 5.84056, "mp-2201": 27.7166, "mp-7475": 11.2122, "mp-15777": 26.5041, "mp-5518": 19.6628, "mp-17908": 10.4047, "mp-568469": 15.514, "mp-16234": 26.7299, "mp-570152": 27.9242, "mp-8911": 24.2339, "mp-14304": 2.69278, "mp-11824": 26.9298, "mp-569766": 24.3004, "mp-8017": 20.3151, "mp-2402": 26.1415, "mp-545788": 25.08, "mp-15803": 11.8672, "mp-568950": 0.928993, "mp-7891": 23.504, "mp-28670": 7.22291, "mp-22304": 15.9633, "mp-5725": 15.8736, "mp-17791": 9.25637, "mp-557728": 23.4835, "mp-28763": 5.2517, "mp-8234": 24.1531, "mp-15556": 23.99, "mp-181": 2.93393, "mp-560411": 16.8741, "mp-20782": 21.9596, "mp-23020": 32.0805, "mp-568379": 18.0812, "mp-7752": 26.4672, "mp-28070": 20.3895, "mp-19765": 27.8464, "mp-29163": 26.2036, "mp-541811": 21.3936, "mp-23318": 18.8615, "mp-29194": 22.9242, "mp-556468": 0.369886, "mp-571102": 14.8012, "mp-1190": 3.29974, "mp-22996": 25.5818, "mp-8249": 16.9208, "mp-570256": 23.8442, "mp-557574": 28.916, "mp-29657": 23.4277, "mp-7792": 14.6716, "mp-510346": 26.4551, "mp-22984": 8.99214, "mp-524": 30.9701, "mp-28371": 2.72783, "mp-29208": 22.6738, "mp-10281": 0.341224, "mp-4763": 6.73585, "mp-29209": 21.1042, "mp-27563": 3.85453, "mp-23706": 0.0, "mp-570411": 11.4608, "mp-9719": 17.2187, "mp-16945": 6.72749, "mp-3668": 20.398, "mp-10167": 11.2406, "mp-30456": 22.4437, "mp-8262": 26.3311, "mp-555736": 2.39502, "mp-7863": 14.6093, "mp-12492": 16.0177, "mp-15252": 28.4099, "mp-22969": 9.23144, "mp-29237": 30.7167, "mp-8267": 14.4181, "mp-27904": 24.9515, "mp-557179": 32.4437, "mp-11692": 21.6416, "mp-16988": 25.9007, "mp-5929": 28.0094, "mp-570961": 27.3095, "mp-28296": 6.27336, "mp-17885": 26.5087, "mp-24338": 17.8295, "mp-557151": 0.369639, "mp-569427": 22.4657, "mp-4809": 8.68287, "mp-17667": 22.4163, "mp-541570": 15.7548, "mp-570377": 23.2251, "mp-559521": 18.3857, "mp-616218": 13.5282, "mp-567841": 3.0846, "mp-29267": 22.4711, "mp-2441": 27.6988, "mp-31135": 30.8544, "mp-27227": 14.3848, "mp-2071": 9.60407, "mp-927": 26.1884, "mp-157": 30.2719, "mp-9919": 18.02, "mp-2469": 4.80301, "mp-680463": 16.5746, "mp-2691": 10.6474, "mp-27938": 14.507, "mp-4160": 23.7638, "mp-1863": 17.8598, "mp-17872": 16.1498, "mp-555129": 11.5873, "mp-27375": 15.6205, "mp-27801": 13.9652, "mp-22858": 16.6953, "mp-8543": 21.9843, "mp-541201": 28.4609, "mp-567596": 19.7909, "mp-10969": 2.79791, "mp-17012": 19.5219, "mp-8883": 27.6602, "mp-30943": 12.1254, "mp-29342": 10.539, "mp-642227": 27.1232, "mp-2136": 2.6449, "mp-1175": 20.2956, "mp-567666": 27.8454, "mp-570930": 25.1141, "mp-31086": 25.8695, "mp-13275": 21.8991, "mp-624191": 27.1582, "mp-541062": 21.4297, "mp-27887": 5.58673, "mp-28717": 26.0098, "mp-19833": 17.8967, "mp-2517": 9.83875, "mp-28324": 26.7942, "mp-568522": 16.5408, "mp-568730": 16.3805, "mp-15572": 23.1264, "mp-20902": 14.6998, "mp-15511": 4.8333, "mp-863730": 0.0534226, "mp-23484": 23.4653, "mp-27552": 19.7522, "mp-22735": 0.0, "mp-567629": 12.0136, "mp-9946": 0.346469, "mp-9897": 26.088, "mp-616255": 24.4373, "mp-4524": 21.6955, "mp-1317": 25.073, "mp-641924": 24.7347, "mp-5563": 25.9456, "mp-570339": 10.9904, "mp-304": 8.44376, "mp-569168": 28.5243, "mp-27688": 17.9119, "mp-31406": 25.8789, "mp-7639": 23.5132, "mp-30828": 5.13704, "mp-17193": 29.5239, "mp-5048": 21.6, "mp-568020": 26.5305, "mp-29034": 12.1794, "mp-540923": 30.6129, "mp-18500": 14.2703, "mp-9843": 18.5993, "mp-5746": 1.38, "mp-5402": 5.62368, "mp-680436": 24.7954, "mp-18439": 19.1899, "mp-15661": 30.6747, "mp-1392": 22.3626, "mp-17322": 25.92, "mp-570948": 3.82793, "mp-543011": 0.366592, "mp-830": 1.14741, "mp-21246": 6.0332, "mp-561299": 19.7901, "mp-13542": 23.0767, "mp-17060": 3.31361, "mp-605": 18.4777, "mp-15642": 12.3572, "mp-23431": 3.45774, "mp-581696": 18.595, "mp-16264": 20.1687, "mp-542461": 23.003, "mp-643253": 20.4419, "mp-28394": 27.5618, "mp-17862": 27.0889, "mp-20554": 25.1845, "mp-2231": 23.0478, "mp-7581": 26.4536, "mp-10615": 30.0733, "mp-542826": 21.1093, "mp-3486": 16.5321, "mp-569346": 6.179, "mp-20351": 21.6306, "mp-4721": 29.3498, "mp-557619": 27.45, "mp-28823": 19.5466, "mp-505607": 19.7845, "mp-12181": 18.8713, "mp-20187": 12.408, "mp-5350": 2.25272, "mp-570553": 26.6085, "mp-650513": 30.3093, "mp-571582": 18.6764, "mp-561196": 0.403072, "mp-8579": 14.5551, "mp-10985": 19.96, "mp-28606": 26.6975, "mp-554405": 0.321622, "mp-7502": 13.749, "mp-9774": 30.6731, "mp-8360": 17.7308, "mp-541032": 17.5532, "mp-505138": 29.6681, "mp-578752": 31.8156, "mp-10963": 24.1152, "mp-4899": 26.6899, "mp-28921": 16.8633, "mp-27899": 3.01595, "mp-543028": 9.39912, "mp-571404": 14.1207, "mp-10074": 21.2339, "mp-867194": 22.0442, "mp-569707": 30.1024, "mp-8300": 30.3724, "mp-28253": 9.62569, "mp-573891": 32.2842, "mp-7547": 11.1363, "mp-28558": 4.8263, "mp-29739": 23.2012, "mp-18112": 22.1571, "mp-505815": 17.0694, "mp-570873": 19.7217, "mp-554076": 4.53089, "mp-7378": 17.7019, "mp-571085": 25.6363, "mp-602": 31.1432, "mp-1933": 9.35407, "mp-1070": 8.41782, "mp-1346": 0.0891259, "mp-557672": 16.7628, "mp-5213": 22.4596, "mp-5756": 27.33, "mp-10695": 0.379675, "mp-18660": 13.6622, "mp-29898": 23.3063, "mp-11168": 18.7889, "mp-557832": 8.34133, "mp-12954": 5.25807, "mp-19932": 27.4368, "mp-28242": 11.151, "mp-5142": 27.7022, "mp-30949": 30.027, "mp-567776": 24.8133, "mp-7781": 24.3966, "mp-4586": 7.41787, "mp-549589": 2.88552, "mp-8594": 25.3976, "mp-14500": 25.776, "mp-28505": 14.8728, "mp-4175": 22.2994, "mp-28931": 0.73837, "mp-938": 20.5874, "mp-5094": 28.7777, "mp-29282": 8.06802, "mp-561076": 11.3795, "mp-14091": 7.29662, "mp-20790": 5.9947, "mp-12779": 12.8511, "mp-24412": 0.851033, "mp-556407": 12.7292, "mp-568591": 18.06, "mp-971837": 11.8075, "mp-560923": 7.6421, "mp-4730": 18.1168, "mp-3019": 8.35546, "mp-570370": 23.3686, "mp-10952": 28.4741, "mp-28597": 19.8683, "mp-18609": 28.329, "mp-14790": 18.8615, "mp-18347": 11.4464, "mp-8298": 22.5246, "mp-10063": 12.3117, "mp-5238": 15.4446, "mp-1477": 27.6985, "mp-571279": 20.8661, "mp-573755": 11.6329, "mp-10191": 6.52754, "mp-565590": 28.176, "mp-1016200": 25.2192, "mp-7440": 28.5936, "mp-557540": 18.711, "mp-540696": 18.0341, "mp-7067": 26.588, "mp-17947": 21.8484, "mp-2961": 9.24789, "mp-866660": 21.0579, "mp-29519": 22.0329, "mp-5414": 22.0223, "mp-14769": 25.1103, "mp-2534": 27.8301, "mp-568557": 6.0229, "mp-29096": 5.4466, "mp-556798": 3.36039, "mp-7223": 28.9036, "mp-8279": 27.0717, "mp-542623": 24.2055, "mp-12277": 31.2243, "mp-27948": 21.4025, "mp-6287": 28.6938, "mp-721650": 18.7482, "mp-12027": 16.3736, "mp-8881": 17.327, "mp-27708": 22.2906, "mp-867334": 7.35519, "mp-20652": 5.55202, "mp-561472": 1.51381, "mp-7910": 26.8818, "mp-676250": 22.0493, "mp-18619": 18.8108, "mp-29396": 12.8756, "mp-14435": 17.8767, "mp-3481": 20.6049, "mp-569450": 1.65101, "mp-29947": 27.3766, "mp-23488": 25.7254, "mp-1019322": 28.9379, "mp-10097": 26.4447, "mp-541509": 18.6166, "mp-29372": 32.1689, "mp-542522": 30.1075, "mp-607818": 20.913, "mp-555874": 25.362, "mp-17817": 17.3215, "mp-555814": 25.8067, "mp-14307": 13.1693, "mp-616026": 26.6676, "mp-10163": 9.40899, "mp-617281": 22.3584, "mp-2072": 29.0615, "mp-4008": 23.4893, "mp-15685": 26.7474, "mp-23005": 22.2848, "mp-8016": 11.051, "mp-9272": 32.6668, "mp-14213": 26.2614,