{"mean/s": [16.609643717441255, 71.7756914246049, 188.7647023421555, 361.3931865445661, 600.4606150908102, 887.115057660573, 1231.2621870845815, 1631.5213055578063, 2089.261226976019, 2634.2593479564916, 3223.825434662291, 3861.699811206435, 4541.065972596294, 5293.44516625086, 6089.376220099448, 6939.1936408976335, 7866.458859341625, 8883.969836382563, 10022.901881239428, 11296.518006619954, 12768.72719687538, 14540.207128582866, 16459.403442717714, 18491.21498231704, 20692.39043504051, 23075.97202016213, 25645.85091411351, 28386.168125765165, 31318.93066493449, 34578.016332066094, 38096.17679509708, 41733.19892123339, 45578.62180258086, 49625.44185763635, 54004.178638809884, 58599.911336878125, 63526.24292069529, 68689.55849035046, 74065.01011422194, 79673.88844979584, 85618.84279760598, 91864.32021337206, 98408.9173231815, 105178.47938850777, 112066.0028309229, 119222.44876042202, 126809.59474809172, 134633.1349442118, 142545.74913371136, 150650.3114283375, 158885.68487307202, 167295.61898741865, 176000.20847242992, 185104.6514043017, 194262.67798079728, 203788.07676653433, 213352.87931888492, 223023.4595670311, 232931.1426804327, 242827.98968590575, 252926.49496196938, 262917.8399906612, 272794.45334287203, 282834.5768321724, 292994.5275159924, 303393.0235748674, 313834.42522322276, 324475.9247415095, 335122.0966537266, 345825.8364898344, 356386.8673517007, 366793.30469422025, 376968.10644261533, 386911.59861012374, 396715.7227569293, 406467.8388831798, 416309.96782068134, 426441.08249694435, 436783.7210078192, 447184.692260291, 457543.9446368963, 467878.8315844891, 478188.76599293196, 488413.05325677065, 498545.5901108746, 508631.72665764013, 518650.9161200225, 528613.090287657, 538502.7212169148, 548300.0525400003, 557935.1572101976, 567415.2827082401, 576691.2891523124, 585794.9561475711, 594690.9047745115, 603291.6322181427, 611669.990794201, 619889.7107718829, 628068.2362347413, 636300.3355903248], "std/s": [266.3352610319967, 1052.984597292354, 2375.114773459366, 4156.521638889074, 6386.710963295992, 8954.069964603634, 11890.632215957296, 15254.87953948914, 19094.721465169667, 23458.44273874457, 28196.507417240802, 33065.30206886774, 37542.16163009434, 41161.97115023989, 44124.00689255297, 46484.38313213785, 48478.736998619795, 50413.010114299555, 52477.2245794483, 54759.06830351376, 57269.723086413236, 60081.18424128099, 62983.13968155379, 65873.63798982653, 68706.21370189927, 71542.62261692424, 74579.71419095254, 77917.4761702564, 81632.56264597499, 85715.52699063953, 90041.26561429778, 94543.32175235105, 99204.1129980465, 104135.8666554951, 109377.86208340977, 114788.18561464704, 120339.96573731926, 125906.3722412567, 131421.12527778573, 136906.35997445125, 142418.66652681935, 147967.6089152972, 153484.3978890894, 158971.12087107523, 164502.80940767349, 170083.07539826818, 175620.0025543983, 181163.398220644, 186735.8079404748, 192204.41301083457, 197517.11346120315, 202745.56674398595, 207881.6757270882, 213008.38352315399, 218132.23284106923, 222961.15954533784, 227836.48326984837, 232717.08121439585, 237385.41234679677, 242015.04028273546, 246389.72335390313, 250699.67232337632, 254948.23075154526, 258961.11614029543, 262914.51774688344, 266684.5078600344, 270466.13212286064, 274185.52077055635, 278047.8666325146, 281893.8794797116, 285676.94147503126, 289308.3998232529, 292835.2046247295, 296322.31290386466, 299862.56861745036, 303349.1491822122, 306684.4170580213, 309786.10609690845, 312781.2668546388, 315730.735269891, 318515.45395591273, 321048.8584171167, 323416.51071594784, 325706.5948856293, 328017.18099533714, 330270.62471492053, 332473.21235135687, 334609.1141929336, 336757.2708221739, 338884.1996983748, 340876.1158611284, 342628.0557260175, 344470.2696402042, 346420.0258088478, 348496.1044171924, 350651.12727831467, 352839.66782693024, 354942.7465724308, 356897.1642540798, 358652.5721687236]}