{"mean/s": 1.061398209303938, "std/s": 0.43680788957667416}