{"mean/s": 0.2733377703826955, "std/s": 0.39851195539160067}