{"mean/s": 8.152165500368817, "std/s": 9.042057916757367}