{"mean/s": 2.7157011850734887, "std/s": 1.1322190596202033}