{"mean/s": 0.7171510982390461, "std/s": 1.0010052559391545}