{"mean/s": [1.9285537912285307, 6.101956374920208, 11.926617728399417, 22.73610247125636, 37.90277305823937, 65.29691728057836, 101.94935300851459, 151.65005795214108, 220.20931444965547, 303.2450431463283, 412.4528908195519, 557.4316553442089, 745.6689181566395, 977.3618266636736, 1244.5785705890669, 1546.4536870991128, 1902.1987244423108, 2306.4259617988664, 2765.5111120537063, 3283.727256652011, 3871.5386561115856, 4480.636247214548, 5125.03623223835, 5826.956611394571, 6572.2137440398155, 7369.086031566073, 8270.342689870988, 9234.352624904051, 10333.466256862757, 11555.920144041856, 12996.49927934497, 14502.755973901252, 16031.164788224436, 17645.17567397923, 19347.52125329142, 21229.563238804236, 23206.546579035636, 25342.73250797139, 27647.69812720633, 30033.162182671706, 32554.591424684662, 35272.58176738202, 38194.33115457816, 41260.90549072907, 44476.2817944519, 47928.16698595825, 51585.557341495834, 55475.751626683064, 59368.01434764716, 63368.405944628284, 67561.72236039127, 71969.1456619257, 76727.92234900164, 81672.88263250275, 86841.46675354615, 92234.32448787217, 97792.05535406247, 103549.7545533379, 109441.68062917846, 115475.43999859827, 121650.72004436111, 127940.18685850782, 134469.190429203, 141321.65619232572, 148352.69985711947, 155545.04515395235, 162942.02074288, 170539.8105985946, 178294.7457509065, 186239.52283941553, 194251.40382076212, 202414.3047414032, 210628.59178341346, 218840.43991045697, 227192.691055034, 235567.6602929891, 244077.63344745763, 252804.67932229207, 261658.2593833428, 270562.8541667518, 279564.21716243087, 288622.1766548311, 297687.90049777675, 306818.7114408088, 315988.8662444268, 325375.4315824467, 334919.04141221405, 344662.1619173456, 354486.80327676865, 364481.64435682085, 374507.8712472784, 384532.44579328375, 394478.00578266615, 404313.5672951051, 414081.53466855123, 423833.2565206385, 433483.17839462694, 442886.0904313592, 451987.7538820045, 460894.9222755384], "std/s": [32.08382760468269, 154.90544635132454, 360.79251413162956, 677.4425723266404, 1124.8847508954707, 1777.2882163284798, 2607.4018077112883, 3596.6027410545175, 4742.459783910099, 6019.730907731476, 7413.864567952084, 8946.046176261008, 10705.127724222155, 12732.682528976848, 15064.975796029674, 17698.767662632326, 20667.186621511897, 24021.615969212857, 27832.18648620784, 32052.96742964169, 36479.03290134423, 40644.35871324336, 44072.137365005176, 46903.87355527504, 49293.38369500359, 51519.61405364796, 53828.171312888975, 56406.960550646785, 59326.399177217354, 62518.21123719867, 65945.1930081646, 69259.59391436477, 72347.413107469, 75282.20056337415, 78175.96595229993, 81187.90898513242, 84410.19680634818, 87895.17463368112, 91645.24076001013, 95535.8561320706, 99497.35203813016, 103559.77983975242, 107777.39516192024, 112194.00781923482, 116906.77276072092, 121830.49821643635, 126853.03720047366, 131844.25898664354, 136850.6260435043, 141851.28111773494, 146925.2999495316, 152156.61342364692, 157509.06254139854, 162996.6968931344, 168523.54243507818, 174087.93965355598, 179705.1186759847, 185322.00311498804, 190939.86084048156, 196562.38670394788, 202171.89634396834, 207705.72657946555, 213150.01040360096, 218642.58903960258, 224239.99819072304, 229850.52604466703, 235402.7248941239, 240918.41521335705, 246360.8242711296, 251756.35754169707, 257244.5709241928, 262662.8893824558, 267934.3888342403, 273076.1221746979, 277971.68826189137, 282617.99172998, 287035.2802099494, 291260.7751351563, 295422.91407115676, 299518.02498937893, 303494.6782245843, 307372.0434585139, 311088.3753725326, 314545.01897688134, 317828.3303692794, 320878.92167056666, 323925.44483021944, 326981.4313949213, 330104.93702111917, 333141.09218026267, 336125.7489354256, 338982.3250730595, 341706.7239576718, 344218.9112495153, 346680.7239192356, 349169.33527384116, 351675.17386869335, 354180.8477127897, 356668.6436724054, 359128.34622644976]}