{"mean/s": 0.717151098239046, "std/s": 1.0010052559391545}