{"mean/s": 5.903112243646775, "std/s": 7.824888814190691}