{"GGA static": 41.33392307692308, "GGA bands": 37.16938461538461, "GGA optics": 55.148615384615404, "HSE static": 2546.3623076923072, "HSE optics": 2032.2677692307693, "HSE few": 128.49346153846156}