{"I": 0.018581, "II": 0.037162, "III": 92.33658100000001, "IV": 0.018581, "V": 2583.5316923076916, "VI": 37.187965615384606, "VII": 92.31800000000001, "VIII": 2675.8496923076914}